epsilon,original_density,baseline2_density,baseline2_similarity,baseline2_time,baseline3_density,baseline3_similarity,baseline3_time,our_density,our_similarity,our_time
0.1,76.73134328358209,17.743964421855146,0.05380742605412209,177.41370010375977,0.0,0.0049504950495049506,2.732529878616333,8.3203125,0.05184659090909091,150.322851896286
0.5,76.73134328358209,18.753138075313807,0.0582213691618682,194.3990740776062,0.5,0.009950248756218905,15.992143154144287,19.619475138121548,0.1126855600539811,128.48141479492188
1.0,76.73134328358209,21.20267146159774,0.051631132802465965,212.7502830028534,40.61507936507937,0.327683615819209,2.9432849884033203,76.43718592964824,0.9704433497536946,95.08587980270386
1.5,76.73134328358209,22.906707787201235,0.13056603773584904,230.3989109992981,49.721804511278194,0.568075117370892,2.8400750160217285,76.68159203980099,0.9900990099009901,68.77864098548889
2.0,76.73134328358209,48.78823529411765,0.592274678111588,239.82164216041565,51.89080459770115,0.464,2.8368208408355713,76.695,0.9950248756218906,50.463740825653076
2.5,76.73134328358209,53.67407407407408,0.6310679611650486,248.08762764930725,52.78456591639871,0.49707602339181284,2.7924931049346924,76.66331658291458,0.9900497512437811,36.395182847976685
3.0,76.73134328358209,70.41111111111111,0.8585365853658536,253.60388779640198,53.83783783783784,0.5198776758409785,2.7576000690460205,76.66834170854271,0.9900497512437811,26.58863615989685
3.5,76.73134328358209,69.4659090909091,0.8480392156862745,258.9249300956726,55.43010752688172,0.5533980582524272,2.7574288845062256,76.73134328358209,1.0,21.46648907661438
4.0,76.73134328358209,70.37714285714286,0.8706467661691543,260.546128988266,54.400696864111495,0.525,2.748918056488037,76.73134328358209,1.0,16.666676998138428
