epsilon,original_density,baseline2_density,baseline2_similarity,baseline2_time,baseline3_density,baseline3_similarity,baseline3_time,our_density,our_similarity,our_time,our_algorithm2_density,our_algorithm2_similarity,our_algorithm2_time
0.1,76.73134328358209,19.643979057591622,0.049315068493150684,176.57945609092712,0.0,0.0,2.676790952682495,8.3203125,0.05184659090909091,150.8115861415863,20.101837433821238,0.05243676742751388,2707.931468963623
0.5,76.73134328358209,19.673563218390804,0.05231560891938251,196.4758551120758,0.3333333333333333,0.009900990099009901,2.989901065826416,19.619475138121548,0.1126855600539811,131.6262731552124,21.705669816564757,0.05439911185123508,2569.107810974121
1.0,76.73134328358209,16.740987983978638,0.09190231362467867,211.3048758506775,38.03073770491803,0.28066914498141265,3.0675671100616455,76.43718592964824,0.9704433497536946,103.439279794693,21.602677376171354,0.052125100240577385,5701.017935991287
1.5,76.73134328358209,26.55895865237366,0.22877697841726619,290.06239795684814,49.14987080103359,0.4306569343065693,2.8732550144195557,76.68159203980099,0.9900990099009901,76.0291428565979,21.63645943097998,0.05211897867859963,1597.9381546974182
2.0,76.73134328358209,34.27018633540373,0.35142118863049093,237.81075191497803,51.942465753424656,0.4625322997416021,2.844844102859497,76.695,0.9950248756218906,54.05115795135498,21.626597131681876,0.05241199478487614,8097.033310890198
2.5,76.73134328358209,55.63522012578616,0.6744186046511628,1218.2365281581879,53.493589743589745,0.5,2.735659122467041,76.66331658291458,0.9900497512437811,35.11895489692688,21.60202492211838,0.05218068535825545,4281.5210518836975
3.0,76.73134328358209,65.04242424242425,0.7766990291262136,249.8976080417633,53.48344370860927,0.49258160237388726,3.6089770793914795,76.66834170854271,0.9900497512437811,24.638177633285522,21.513799329378386,0.051844209440288884,4893.547590255737
3.5,76.73134328358209,70.63157894736842,0.8507462686567164,2559.0966489315033,54.12676056338028,0.5299684542586751,3.3106250762939453,76.73134328358209,1.0,18.6651029586792,21.509142415657998,0.05176409992274015,7205.22226190567
4.0,76.73134328358209,71.08426966292134,0.8669950738916257,713.5769836902618,55.14748201438849,0.5602605863192183,3.0834310054779053,76.73134328358209,1.0,14.8472261428833,21.508627349987123,0.05176409992274015,1234.65273976326
