epsilon,original_density,baseline2_density,baseline2_similarity,baseline2_time,baseline3_density,baseline3_similarity,baseline3_time,our_density,our_similarity,our_time
8,34.13825983313468,31.359869138495092,0.6581680830972616,623.9604208469391,31.949912126537786,0.6325350949628407,3.0926380157470703,34.130384167636784,0.9767171129220024,23.60287880897522
