epsilon,original_density,baseline2_density,baseline2_similarity,baseline2_time,baseline3_density,baseline3_similarity,baseline3_time,our_density,our_similarity,our_time
0.1,22.391304347826086,1.0452634368094231,0.009310714001323859,111.96065654754639,0.013333333333333332,0.0,0.7035778522491455,0.8753606462781305,0.008503401360544218,481.1873661994934
0.5,22.391304347826086,1.487756030091775,0.010084198020899004,114.52318873405457,0.05052631578947368,0.0070465686274509805,6.635098505020141,1.0709421112372304,0.014021312394840158,397.6966719150543
1.0,22.391304347826086,1.827405001809333,0.010824798316811888,115.96942896842957,0.0,0.011819727891156461,0.6813921928405762,1.3974215246636772,0.020066889632107024,308.5493323802948
1.5,22.391304347826086,2.0786893119354533,0.011124735280532812,115.18130078315735,0.05,0.013871635610766046,0.7032159805297852,1.8553166763509588,0.02079722703639515,226.55625634193422
2.0,22.391304347826086,2.6026606856525576,0.009368606406322802,116.78034596443176,1.2657534246575344,0.06460963066853669,1.378463077545166,21.454545454545453,0.9565217391304348,159.90069789886473
2.5,22.391304347826086,2.26056905089173,0.01204922551507218,117.49320468902587,0.26666666666666666,0.030253623188405798,0.718190050125122,22.391304347826086,1.0,111.63351998329162
3.0,22.391304347826086,2.3225679334464284,0.021251876399176084,119.11144394874573,11.396612746859052,0.5113261360961738,0.7241840362548828,22.391304347826086,1.0,79.53491668701172
3.5,22.391304347826086,2.3608921761747252,0.013009307788779964,120.70333051681519,10.015253550686838,0.3157310208982634,0.7151580333709717,22.391304347826086,1.0,57.268429803848264
4.0,22.391304347826086,2.5171797824728768,0.011418237696044515,120.46624851226807,10.658707482993197,0.3031595670559513,0.7327335357666016,22.391304347826086,1.0,41.009075832366946
