epsilon,original_density,baseline2_density,baseline2_similarity,baseline2_time,baseline3_density,baseline3_similarity,baseline3_time,our_density,our_similarity,our_time
0.1,39.01567398119122,8.255858903116694,0.06653270819379326,2093.885645866394,0.0,0.0015360983102918587,268.47983264923096,7.009235668789809,0.06995185499858397,2804.0367529392242
0.5,39.01567398119122,14.062863429200062,0.07674561673331283,1383.532206773758,0.0,0.0,105.64834904670715,11.984586347908147,0.10317919075144509,1986.0922479629517
1.0,39.01567398119122,15.660963244613434,0.07540983606557378,1054.229838848114,22.77090909090909,0.319665907365224,7.71454381942749,15.992651561543171,0.1358743089903986,1425.5585870742798
1.5,39.01567398119122,16.521657890266688,0.09774562584118439,1264.4774718284607,27.365139949109416,0.42971887550200805,7.293243885040283,19.183608640406607,0.16743755781683625,1019.9302899837494
2.0,39.01567398119122,18.864717878993883,0.22473867595818817,1226.768142938614,31.712887438825447,0.5108695652173914,9.232459783554077,24.517687661777394,0.24936601859678784,707.2759549617767
2.5,39.01567398119122,25.220309810671257,0.3635346756152125,2408.5547890663147,32.39087301587302,0.5328859060402684,6.275173902511597,37.09077809798271,0.712082262210797,1655.1152260303497
3.0,39.01567398119122,27.386243386243386,0.38231292517006804,3458.5818870067596,33.074812967581046,0.512372634643377,6.1272218227386475,38.2780269058296,0.812760055478502,276.21402883529663
3.5,39.01567398119122,30.68300653594771,0.48279952550415184,12215.320238113403,33.30379746835443,0.5168869309838473,6.164844036102295,38.532233883058474,0.8328651685393258,976.7107827663422
4.0,39.01567398119122,31.738066095471236,0.48773006134969327,1203.3630657196045,33.06461538461539,0.47022900763358777,6.145624876022339,38.79460269865068,0.8804034582132565,133.93744015693665
