epsilon,original_density,baseline2_density,baseline2_similarity,baseline2_time,baseline3_density,baseline3_similarity,baseline3_time,our_density,our_similarity,our_time,our_algorithm2_density,our_algorithm2_similarity,our_algorithm2_time
1,76.73134328358209,20.295774647887324,0.0570660292799522,1534.6130738258362,41.355932203389834,0.4881889763779528,2.811983823776245,76.43718592964824,0.9704433497536946,135.4532241821289,21.59279705573081,0.05200945626477541,38071.84103393555
2,76.73134328358209,46.78082191780822,0.5701357466063348,260.4128658771515,52.42931937172775,0.4466501240694789,3.046361207962036,76.695,0.9950248756218906,57.936882972717285,21.500129433083096,0.05148771021992238,1486.5002481937408
4,76.73134328358209,72.15819209039547,0.8712871287128713,265.3974139690399,56.63197026022305,0.5719063545150501,2.7525858879089355,76.73134328358209,1.0,18.26101803779602,21.41167434715822,0.05145929339477726,451.57772612571716
6,76.73134328358209,74.80978260869566,0.9154228855721394,270.08908104896545,55.047430830039524,0.5601374570446735,3.2320680618286133,76.73134328358209,1.0,9.603398084640503,21.483299075025695,0.051644398766700926,138.94469904899597
8,76.73134328358209,76.57070707070707,0.9850746268656716,273.54699897766113,55.48148148148148,0.5800711743772242,2.6801531314849854,76.73134328358209,1.0,8.79015588760376,20.878711307643716,0.06181015452538632,54.41422176361084
10,76.73134328358209,76.44102564102565,0.9701492537313433,275.75984477996826,56.28629032258065,0.5809859154929577,2.691127061843872,76.73134328358209,1.0,8.743470907211304,18.503229974160206,0.08633540372670807,31.304084062576294
