epsilon,original_density,baseline2_density,baseline2_similarity,baseline2_time,baseline3_density,baseline3_similarity,baseline3_time,our_density,our_similarity,our_time
0.1,16.653061224489797,10.809794061302682,0.31636430951499445,0.17210805416107178,0.35,0.04656771799628942,0.009448409080505371,6.571428571428571,0.4,0.04138350486755371
0.5,16.653061224489797,6.4913572343149815,0.23090986394557822,0.15673291683197021,0.0,0.00980392156862745,0.0045318603515625,12.754716981132075,0.6721311475409836,0.029018282890319824
1.0,16.653061224489797,6.980808729139923,0.277000777000777,0.1622065305709839,5.6433333333333335,0.1735374149659864,0.0047528743743896484,15.891304347826088,0.9,0.025110363960266113
1.5,16.653061224489797,10.778221415607984,0.33845763571790966,0.16494357585906982,11.286666666666667,0.32666666666666666,0.004808187484741211,16.058823529411764,0.9230769230769231,0.022507071495056152
2.0,16.653061224489797,10.549534046383565,0.3225084268249736,0.17377698421478271,8.71367924528302,0.43265306122448977,0.005066990852355957,16.66,0.98,0.021595001220703125
2.5,16.653061224489797,10.564426369863014,0.3192315449778136,0.16596901416778564,5.8933333333333335,0.18374149659863945,0.004239320755004883,16.66,0.98,0.019119739532470703
3.0,16.653061224489797,11.251110061407653,0.33223082336382825,0.1772681474685669,11.286666666666667,0.32666666666666666,0.0045740604400634766,16.66,0.98,0.01926743984222412
3.5,16.653061224489797,11.21875,0.33565613026819924,0.1808995008468628,11.333809523809524,0.47583333333333333,0.004492044448852539,16.66,0.98,0.01844048500061035
4.0,16.653061224489797,11.133685198217218,0.3265457238059978,0.17706549167633057,11.286666666666667,0.32666666666666666,0.004043459892272949,16.653061224489797,1.0,0.017602086067199707
