epsilon,original_density,baseline2_density,baseline2_similarity,baseline2_time,baseline3_density,baseline3_similarity,baseline3_time,our_density,our_similarity,our_time
0.1,76.73134328358209,13.381252215670154,0.04189589188359496,279.7607247829437,0.0,0.0009950248756218905,2.7326266765594482,8.3203125,0.05184659090909092,206.05058183670045
0.5,76.73134328358209,19.417038718695302,0.054462897411686265,301.0062929391861,2.5475665601703943,0.03311542753846752,2.940448045730591,19.619475138121548,0.11268556005398109,171.25895144939423
1.0,76.73134328358209,20.28019989882313,0.05971214297158793,327.7931699514389,28.603194607485797,0.2658068671379869,3.555656671524048,76.43718592964824,0.9704433497536946,133.02796173095703
1.5,76.73134328358209,26.599339922755927,0.28352104600644046,347.98576214313505,48.62897248094693,0.40753155637457883,2.9065434217453,76.68159203980099,0.9900990099009901,97.87030000686646
2.0,76.73134328358209,43.33738408429751,0.4921216163570022,381.9443869590759,52.4475697252088,0.4646506656529802,2.9138700485229494,76.695,0.9950248756218907,72.10861122608185
2.5,76.73134328358209,57.55390650983999,0.6860999748314074,389.03498511314393,53.362699784144844,0.49405214429488015,2.845039653778076,76.66331658291458,0.9900497512437811,52.53320074081421
3.0,76.73134328358209,65.31353990969822,0.7838843136022858,401.0507405281067,53.90583413146278,0.5138874024013759,2.8330761909484865,76.66834170854271,0.9900497512437811,39.67662529945373
3.5,76.73134328358209,70.62502968078944,0.8555560611677855,407.84673936367034,54.54458857937827,0.5310863176464833,2.987931823730469,76.73134328358209,1.0,30.169534921646118
4.0,76.73134328358209,72.76695331157256,0.8849006177233913,412.9580014705658,54.86754399619188,0.5474909803960692,2.9585606813430787,76.73134328358209,1.0,24.788555932044982
