epsilon,original_density,baseline2_density,baseline2_similarity,baseline2_time,baseline3_density,baseline3_similarity,baseline3_time,our_density,our_similarity,our_time
1,76.73134328358209,20.213290837920447,0.059531627261784105,235.6525016784668,23.445843977188627,0.22506568674962116,4.608780717849731,76.43718592964824,0.9704433497536946,112.58336319923401
2,76.73134328358209,47.20424207611468,0.5679627472262803,303.8991129875183,52.0889774064853,0.4582907354838134,3.711460828781128,76.695,0.9950248756218907,62.46734323501587
