epsilon,original_density,baseline2_density,baseline2_similarity,baseline2_time,baseline3_density,baseline3_similarity,baseline3_time,our_density,our_similarity,our_time
0.1,135.47692307692307,29.28407789580229,0.16456446879947775,1012.8904866695405,7.713825204946505,0.04445563155815048,6.372846984863282,28.6509009009009,0.19271758436944939,511.4877694129944
0.5,135.47692307692307,54.960495867400276,0.30923345344831044,1311.701948261261,97.48212445607598,0.4065855895536554,6.533352088928223,120.99129172714079,0.6416837782340863,436.7324698448181
1.0,135.47692307692307,109.10903940401752,0.5143296977540892,1444.8152658462525,99.93438202426519,0.607444158630608,8.586862373352051,131.8791946308725,0.654945054945055,340.61634197235105
1.5,135.47692307692307,122.5111882966576,0.6613496627398581,1515.1863655090333,113.47284440021255,0.7037804931611122,6.049994564056396,133.98644578313252,0.7296703296703296,263.11928367614746
2.0,135.47692307692307,128.15937634121192,0.7552778468263098,1497.2628467082977,119.59458062884455,0.7528544246976511,6.035076093673706,135.1864406779661,0.778021978021978,192.18678364753723
2.5,135.47692307692307,130.10164548472352,0.794061735431127,1515.288057756424,122.27549272883789,0.775920344320449,5.983752584457397,135.51182197496522,0.7901098901098901,143.41722893714905
3.0,135.47692307692307,131.32551102599444,0.821514852051382,1528.4645362377166,123.17234031670077,0.7785243131995143,6.165154266357422,135.19828815977175,0.7703296703296704,108.54817681312561
3.5,135.47692307692307,131.85771163185143,0.8346972706994554,1523.0604576587677,123.88946335798057,0.785235673329608,6.093042516708374,135.7292817679558,0.7956043956043956,85.40959062576295
4.0,135.47692307692307,132.69436203600324,0.8664373050399761,1539.2080229282378,124.39989810527383,0.7901088775680298,6.065121221542358,135.44827586206895,0.987912087912088,71.43620123863221
