epsilon,original_density,baseline2_density,baseline2_similarity,baseline2_time,baseline3_density,baseline3_similarity,baseline3_time,our_density,our_similarity,our_time
0.1,39.01567398119122,13.140534446679746,0.06783979724439858,1442.2686892032623,0.0,0.0003129890453834116,7.408942174911499,7.009235668789809,0.06995185499858397,2729.925999879837
0.5,39.01567398119122,13.127541581265806,0.08097017484693156,1625.5555851459503,3.565483460559796,0.027802910086012277,7.584777545928955,11.984586347908147,0.10317919075144508,2359.1341148376464
1.0,39.01567398119122,15.329050096014665,0.08363490419849876,1736.643111371994,14.051048909386642,0.1971814810080672,7.504863834381103,15.992651561543173,0.1358743089903986,1817.396017074585
1.5,39.01567398119122,16.250703405522128,0.10193916565105395,1817.9340170860291,27.124266990264932,0.3968386897413154,9.222540473937988,19.183608640406607,0.16743755781683625,1325.0813764572144
2.0,39.01567398119122,19.85813654791195,0.24461913543923108,1857.1248322486877,31.27607988788143,0.5086464413657381,7.148896169662476,24.517687661777394,0.2493660185967878,944.2919563293457
2.5,39.01567398119122,24.26347146868286,0.3367661579069342,1871.0735928058625,26.18934743319852,0.42681581567143667,7.041470766067505,37.09077809798271,0.712082262210797,647.3402583599091
3.0,39.01567398119122,27.647743136129414,0.4009798476511345,1918.613329219818,33.039240912592994,0.5151943600826885,7.519307661056518,38.2780269058296,0.812760055478502,444.21497292518615
3.5,39.01567398119122,30.1441863651949,0.4714278789821457,1959.0497128486634,32.93311978812376,0.4933297315065078,7.33701376914978,38.532233883058474,0.8328651685393258,319.5137098312378
4.0,39.01567398119122,31.64957846219334,0.49986709954971864,2012.7523861408233,33.25148695105099,0.48471989134392796,6.974210596084594,38.79460269865068,0.8804034582132566,232.60952277183532
