epsilon,original_density,baseline2_density,baseline2_similarity,baseline2_time,baseline3_density,baseline3_similarity,baseline3_time,our_density,our_similarity,our_time
0.1,34.13825983313468,14.27584806012594,0.12605042016806722,748.6573417186737,0.0,0.0011918951132300357,3.6294548511505127,7.215704387990762,0.10644567219152855,913.6111783981323
0.5,34.13825983313468,15.523922031896042,0.1356745346382652,806.3311581611633,0.0,0.0011904761904761906,10.550638198852539,13.196521739130434,0.17126865671641792,767.0052592754364
1.0,34.13825983313468,16.823915139826422,0.14633682207421503,865.2700023651123,0.0,0.0011918951132300357,3.787397861480713,17.494913754975673,0.2340764331210191,603.6692826747894
1.5,34.13825983313468,16.885256619810395,0.19754224270353302,905.0652658939362,0.0,0.0023837902264600714,3.5399816036224365,20.867312348668282,0.30165844912595247,444.06045961380005
2.0,34.13825983313468,17.84985835694051,0.2034761762061732,926.415363073349,25.07728337236534,0.3988950276243094,3.3830411434173584,25.73236889692586,0.4241733181299886,317.2850031852722
2.5,34.13825983313468,19.47905477980666,0.233276740237691,957.2108542919159,26.109826589595375,0.4338719329742669,3.454456090927124,30.876785714285713,0.6270764119601329,225.12460899353027
3.0,34.13825983313468,23.124191461837,0.3968804159445407,985.2251839637756,27.788722826086957,0.4795134443021767,3.4127190113067627,32.614285714285714,0.7385685884691849,161.12839317321777
3.5,34.13825983313468,24.942277691107645,0.4258188824662813,999.7946820259094,28.893152746425883,0.520336605890603,3.3800745010375977,33.22527472527472,0.7846938775510204,117.46755957603455
4.0,34.13825983313468,25.514811849479585,0.4233128834355828,999.4543192386627,29.536130536130536,0.5305975521958244,3.3105344772338867,33.6431718061674,0.8447729672650475,86.81975102424622
