epsilon,original_density,baseline2_density,baseline2_similarity,baseline3_density,baseline3_similarity,our_density,our_similarity
0.1,53.54347826086956,7.717200644352962,0.1370913037579704,0.0,0.0021645021645021645,11.025,0.1919191919191919
0.5,53.54347826086956,22.909110674056855,0.23112449933021878,10.929824561403509,0.18197278911564627,34.512903225806454,0.5297450424929179
1.0,53.54347826086956,25.890838206627677,0.2235755460272449,31.369106765327693,0.45207491737054717,52.47085201793722,0.871900826446281
1.5,53.54347826086956,25.859036247334757,0.24369723225895368,18.45409836065574,0.28433765573353675,53.180616740088105,0.9201680672268907
2.0,53.54347826086956,32.44833702882484,0.4855794489030598,40.09467183831785,0.6266158609192665,53.32900432900433,0.9451476793248945
2.5,53.54347826086956,37.441571472676756,0.5880081270448332,42.033272070889396,0.6700980392156863,53.41772151898734,0.9458333333333333
3.0,53.54347826086956,44.69366161488165,0.7105438772105439,43.22411433172303,0.6993334246450258,53.50627615062761,0.9623430962343096
3.5,53.54347826086956,47.147358445865905,0.7419333165364912,44.334209782301386,0.7132731958762887,53.48117154811715,0.9623430962343096
4.0,53.54347826086956,47.998713302309625,0.759431906614786,45.48790798836171,0.7593609395256615,53.50632911392405,0.9704641350210971
