epsilon,original_density,baseline2_density,baseline2_similarity,baseline2_time,baseline3_density,baseline3_similarity,baseline3_time,our_density,our_similarity,our_time
4,76.73134328358209,71.716633254432,0.8786962840804609,262.8593982219696,55.1893969863209,0.5534024271674233,2.9724761486053466,76.73134328358209,1.0,15.773299932479858
8,76.73134328358209,76.02961821399812,0.9602531894980542,274.5334966659546,55.44843767666009,0.5744040030495955,2.7603538036346436,76.73134328358209,1.0,9.477478647232056
