epsilon,original_density,baseline2_density,baseline2_similarity,baseline2_time,baseline3_density,baseline3_similarity,baseline3_time,our_density,our_similarity,our_time,our_algorithm2_density,our_algorithm2_similarity,our_algorithm2_time
1,76.73134328358209,21.135078534031415,0.05179178655506147,219.4951832294464,37.308910891089106,0.2859744990892532,2.8571510314941406,76.43718592964824,0.9704433497536946,94.70350217819214,21.64735854116385,0.05277256897937316,2093.6904771327972
2,76.73134328358209,48.860759493670884,0.5955555555555555,245.9682080745697,54.2695652173913,0.483695652173913,2.858006000518799,76.695,0.9950248756218906,54.73629879951477,21.545195545195543,0.052059052059052056,1204.052503824234
4,76.73134328358209,72.25698324022346,0.8905472636815921,268.20718908309937,54.71955719557196,0.5374592833876222,2.837033987045288,76.73134328358209,1.0,17.760163068771362,21.53074350398765,0.05171083097504502,322.2737467288971
6,76.73134328358209,74.93684210526315,0.9356435643564357,274.7881259918213,55.961977186311785,0.5675675675675675,3.1078848838806152,76.73134328358209,1.0,11.53571081161499,21.144187283852087,0.053471667996807665,93.40062093734741
8,76.73134328358209,75.54639175257732,0.9458128078817734,279.0014081001282,55.135245901639344,0.5669014084507042,2.8821730613708496,76.73134328358209,1.0,10.112766981124878,10.290598290598291,0.046052631578947366,42.57442593574524
10,76.73134328358209,76.38775510204081,0.9653465346534653,285.24226689338684,55.46938775510204,0.5759717314487632,3.4722378253936768,76.73134328358209,1.0,12.551344156265259,10.029411764705882,0.04922279792746114,38.986018896102905
