epsilon,original_density,baseline2_density,baseline2_similarity,baseline2_time,baseline3_density,baseline3_similarity,baseline3_time,our_density,our_similarity,our_time
0.1,11.929487179487179,3.2864665489826272,0.06433175489232643,300.71594805717467,0.0,0.001652892561983471,1.5562798023223876,1.7032640949554896,0.056032872618602916,1274.321134662628
0.5,11.929487179487179,2.9435530161353762,0.06738104205189735,315.75701174736025,0.0,0.0008474728431636592,4.221326065063477,2.316666666666667,0.06511458712259004,1084.14530711174
1.0,11.929487179487179,3.684390828923898,0.07431768332330299,326.25221157073975,0.0,0.0038190491678863773,5.500100326538086,3.06476897689769,0.08071748878923767,837.4243430614472
1.5,11.929487179487179,4.368241154419965,0.07492805677451723,334.3106469631195,0.1,0.0029869047715983255,3.012269926071167,3.6130573248407645,0.0963944076526858,616.2971799850463
2.0,11.929487179487179,4.479254830773848,0.07791025018568529,337.27694301605226,1.0276394849785409,0.04604989604989605,1.6023584842681884,4.340468497576737,0.11939163498098859,430.00128083229066
2.5,11.929487179487179,4.331357688710139,0.08205824462614306,347.16406631469727,1.4996825396825397,0.06918263951903802,1.5804328441619873,4.9966749792186205,0.1450199203187251,300.39211797714233
3.0,11.929487179487179,4.530367371655505,0.08420398991487846,350.521142244339,1.3706666666666665,0.06222362849419523,1.5875072956085206,5.893095768374165,0.1775173611111111,211.8701666355133
3.5,11.929487179487179,4.802343889728462,0.07573561541737543,353.0080879688263,2.9408084334247917,0.14678583733464742,1.85107364654541,6.924646781789638,0.22125256673511293,148.86321268081664
4.0,11.929487179487179,4.705403064423614,0.10084005669835908,359.8748574256897,6.085123250570803,0.30448181821690995,1.55698618888855,9.122615803814714,0.38726790450928383,108.80768694877625
