epsilon,original_density,baseline2_density,baseline2_similarity,baseline2_time,baseline3_density,baseline3_similarity,baseline3_time,our_density,our_similarity,our_time
8,135.47692307692307,134.2400468384075,0.9173913043478261,914.727294921875,124.14041095890411,0.7791095890410958,5.970123052597046,135.47692307692307,1.0,26.239904165267944
